{"valid_loss": -833.1160332915748, "valid_loss_var": -833.2478259984368, "valid_loss_ortho": 0.13179270686203529, "epoch": 4172, "trainer/global_step": 4172, "_timestamp": 1728998741.8855658, "_runtime": 1306.7731046676636, "_step": 8428, "train_loss_epoch": -836.9821570608345, "train_loss_var_epoch": -837.1182751496464, "train_loss_ortho_epoch": 0.1361180888118011, "train_loss_step": -837.09389496131, "train_loss_var_step": -837.1918530378292, "train_loss_ortho_step": 0.09795807651926144}