{"valid_loss": -833.8969910043334, "valid_loss_var": -833.9627916627875, "valid_loss_ortho": 0.06580065845429309, "epoch": 4875, "trainer/global_step": 4875, "_timestamp": 1729003166.413769, "_runtime": 3307.3861849308014, "_step": 9848, "train_loss_epoch": -839.9965940346842, "train_loss_var_epoch": -840.0371842599054, "train_loss_ortho_epoch": 0.04059022522124866, "train_loss_step": -840.0347445346068, "train_loss_var_step": -840.048056821054, "train_loss_ortho_step": 0.013312286447251149}