{"valid_loss": -240.3298423694883, "valid_loss_var": -373.574400112807, "valid_loss_ortho": 133.24455774331867, "epoch": 196, "trainer/global_step": 196, "_timestamp": 1728989258.142839, "_runtime": 67.51936388015747, "_step": 396, "train_loss_epoch": -240.1297412137925, "train_loss_var_epoch": -373.31155608693393, "train_loss_ortho_epoch": 133.18181487314143, "train_loss_step": -230.10825221217024, "train_loss_var_step": -365.20245909646127, "train_loss_ortho_step": 135.09420688429103}