{"valid_loss": -1163.7000243216237, "valid_loss_var": -1166.341637099482, "valid_loss_ortho": 2.6416127778584446, "epoch": 2863, "trainer/global_step": 2863, "_timestamp": 1728997323.7359526, "_runtime": 1934.8860936164856, "_step": 5784, "train_loss_epoch": -1195.7306655777736, "train_loss_var_epoch": -1199.0388446204317, "train_loss_ortho_epoch": 3.3081790426582174, "train_loss_step": -1195.928222417417, "train_loss_var_step": -1199.0018696836341, "train_loss_ortho_step": 3.07364726621715}