{"valid_loss": -446.9539477966088, "valid_loss_var": -484.9704370642826, "valid_loss_ortho": 38.01648926767376, "epoch": 242, "trainer/global_step": 242, "_timestamp": 1728999540.2585113, "_runtime": 170.54270434379578, "_step": 489, "train_loss_epoch": -443.78227977647845, "train_loss_var_epoch": -483.072734121861, "train_loss_ortho_epoch": 39.290454345382486, "train_loss_step": -410.9355879839017, "train_loss_var_step": -449.41740554549045, "train_loss_ortho_step": 38.48181756158872}