{"valid_loss": -833.0788002442588, "valid_loss_var": -833.4969681436459, "valid_loss_ortho": 0.41816789938712656, "epoch": 3322, "trainer/global_step": 3322, "_timestamp": 1728990451.1477582, "_runtime": 1040.8430993556976, "_step": 6711, "train_loss_epoch": -834.8977595738835, "train_loss_var_epoch": -836.6962373275195, "train_loss_ortho_epoch": 1.7984777536360217, "train_loss_step": -834.8005721095077, "train_loss_var_step": -836.6588253950828, "train_loss_ortho_step": 1.8582532855751284}