{"valid_loss": -235.52225757865895, "valid_loss_var": -369.7997982628842, "valid_loss_ortho": 134.27754068422524, "epoch": 172, "trainer/global_step": 172, "_timestamp": 1728989362.908158, "_runtime": 59.131925106048584, "_step": 347, "train_loss_epoch": -235.09057097681114, "train_loss_var_epoch": -369.3134976563336, "train_loss_ortho_epoch": 134.22292667952243, "train_loss_step": -230.10825221217024, "train_loss_var_step": -365.20245909646127, "train_loss_ortho_step": 135.09420688429103}